<?xml version="1.0" encoding="UTF-8"?>
<beans xmlns:xsi="http://www.w3.org/2001/XMLSchema-instance"
       xmlns:context="http://www.springframework.org/schema/context"
       xmlns="http://www.springframework.org/schema/beans"
       xsi:schemaLocation="http://www.springframework.org/schema/beans
	http://www.springframework.org/schema/beans/spring-beans.xsd
	http://www.springframework.org/schema/context
	http://www.springframework.org/schema/context/spring-context.xsd">

    <!--加载数据库配置文件-->
    <context:property-placeholder location="classpath:mysql.properties"/>

    <!--配置数据源 c3p0l连接池-->
    <bean id="dataSource" class="com.mchange.v2.c3p0.ComboPooledDataSource">
        <property name="driverClass" value="${jdbc.driver}"/>
        <property name="jdbcUrl" value="${jdbc.url}"/>
        <property name="user" value="${jdbc.username}"/>
        <property name="password" value="${jdbc.password}"/>
    </bean>

    <!--配置SqlSessionFactory-->
    <bean id="sessionFactory" class="org.mybatis.spring.SqlSessionFactoryBean">
        <!--加载mybatis配置文件-->
        <property name="configLocation" value="classpath:mybatis/mybatis.cfg.xml"/>
        <!--数据源-->
        <property name="dataSource" ref="dataSource"/>
    </bean>

    <!--Mapper批量扫描，从Mapper包扫描接口，自动创建代理对象，并在Spring容器中自动注册
    使用 Mybatis与Spring整合包的这个 Mapper 扫描器后， Mybatis 配置文件里的扫描器，就可以取消掉了
    遵循的规范 不变
    自动扫描出来的Mapper的bean的id为Mapper类名（首字母小写）
    -->
    <bean class="org.mybatis.spring.mapper.MapperScannerConfigurer">
        <!--如果需要扫描多个报下的mapper,每个包中间使用半角逗号分开-->
        <property name="basePackage" value="com.system.mapper"/>
        <property name="sqlSessionFactoryBeanName" value="sessionFactory"/>
    </bean>


</beans>