<?xml version="1.0" encoding="UTF-8" ?>
<!DOCTYPE mapper PUBLIC "-//mybatis.org//DTD Mapper 3.0//EN" "http://mybatis.org/dtd/mybatis-3-mapper.dtd" >
<mapper namespace="com.system.mapper.UserloginMapper">
    <resultMap id="BaseResultMap" type="com.system.po.Userlogin">
        <id column="userID" property="userid" jdbcType="INTEGER"/>
        <result column="userName" property="username" jdbcType="VARCHAR"/>
        <result column="password" property="password" jdbcType="VARCHAR"/>
        <result column="role" property="role" jdbcType="INTEGER"/>
    </resultMap>
    <sql id="Example_Where_Clause">
        <where>
            <foreach collection="oredCriteria" item="criteria" separator="or">
                <if test="criteria.valid">
                    <trim prefix="(" suffix=")" prefixOverrides="and">
                        <foreach collection="criteria.criteria" item="criterion">
                            <choose>
                                <when test="criterion.noValue">
                                    and ${criterion.condition}
                                </when>
                                <when test="criterion.singleValue">
                                    and ${criterion.condition} #{criterion.value}
                                </when>
                                <when test="criterion.betweenValue">
                                    and ${criterion.condition} #{criterion.value} and #{criterion.secondValue}
                                </when>
                                <when test="criterion.listValue">
                                    and ${criterion.condition}
                                    <foreach collection="criterion.value" item="listItem" open="(" close=")"
                                             separator=",">
                                        #{listItem}
                                    </foreach>
                                </when>
                            </choose>
                        </foreach>
                    </trim>
                </if>
            </foreach>
        </where>
    </sql>
    <sql id="Update_By_Example_Where_Clause">
        <where>
            <foreach collection="example.oredCriteria" item="criteria" separator="or">
                <if test="criteria.valid">
                    <trim prefix="(" suffix=")" prefixOverrides="and">
                        <foreach collection="criteria.criteria" item="criterion">
                            <choose>
                                <when test="criterion.noValue">
                                    and ${criterion.condition}
                                </when>
                                <when test="criterion.singleValue">
                                    and ${criterion.condition} #{criterion.value}
                                </when>
                                <when test="criterion.betweenValue">
                                    and ${criterion.condition} #{criterion.value} and #{criterion.secondValue}
                                </when>
                                <when test="criterion.listValue">
                                    and ${criterion.condition}
                                    <foreach collection="criterion.value" item="listItem" open="(" close=")"
                                             separator=",">
                                        #{listItem}
                                    </foreach>
                                </when>
                            </choose>
                        </foreach>
                    </trim>
                </if>
            </foreach>
        </where>
    </sql>
    <sql id="Base_Column_List">
        userID, userName, password, role
    </sql>
    <select id="selectByExample" resultMap="BaseResultMap" parameterType="com.system.po.UserloginExample">
        select
        <if test="distinct">
            distinct
        </if>
        <include refid="Base_Column_List"/>
        from userlogin
        <if test="_parameter != null">
            <include refid="Example_Where_Clause"/>
        </if>
        <if test="orderByClause != null">
            order by ${orderByClause}
        </if>
    </select>
    <select id="selectByPrimaryKey" resultMap="BaseResultMap" parameterType="java.lang.Integer">
        select
        <include refid="Base_Column_List"/>
        from userlogin
        where userID = #{userid,jdbcType=INTEGER}
    </select>
    <delete id="deleteByPrimaryKey" parameterType="java.lang.Integer">
        delete from userlogin
        where userID = #{userid,jdbcType=INTEGER}
    </delete>
    <delete id="deleteByExample" parameterType="com.system.po.UserloginExample">
        delete from userlogin
        <if test="_parameter != null">
            <include refid="Example_Where_Clause"/>
        </if>
    </delete>
    <insert id="insert" parameterType="com.system.po.Userlogin">
        insert into userlogin (userID, userName, password,
        role)
        values (#{userid,jdbcType=INTEGER}, #{username,jdbcType=VARCHAR}, #{password,jdbcType=VARCHAR},
        #{role,jdbcType=INTEGER})
    </insert>
    <insert id="insertSelective" parameterType="com.system.po.Userlogin">
        insert into userlogin
        <trim prefix="(" suffix=")" suffixOverrides=",">
            <if test="userid != null">
                userID,
            </if>
            <if test="username != null">
                userName,
            </if>
            <if test="password != null">
                password,
            </if>
            <if test="role != null">
                role,
            </if>
        </trim>
        <trim prefix="values (" suffix=")" suffixOverrides=",">
            <if test="userid != null">
                #{userid,jdbcType=INTEGER},
            </if>
            <if test="username != null">
                #{username,jdbcType=VARCHAR},
            </if>
            <if test="password != null">
                #{password,jdbcType=VARCHAR},
            </if>
            <if test="role != null">
                #{role,jdbcType=INTEGER},
            </if>
        </trim>
    </insert>
    <select id="countByExample" parameterType="com.system.po.UserloginExample" resultType="java.lang.Integer">
        select count(*) from userlogin
        <if test="_parameter != null">
            <include refid="Example_Where_Clause"/>
        </if>
    </select>
    <update id="updateByExampleSelective" parameterType="map">
        update userlogin
        <set>
            <if test="record.userid != null">
                userID = #{record.userid,jdbcType=INTEGER},
            </if>
            <if test="record.username != null">
                userName = #{record.username,jdbcType=VARCHAR},
            </if>
            <if test="record.password != null">
                password = #{record.password,jdbcType=VARCHAR},
            </if>
            <if test="record.role != null">
                role = #{record.role,jdbcType=INTEGER},
            </if>
        </set>
        <if test="_parameter != null">
            <include refid="Update_By_Example_Where_Clause"/>
        </if>
    </update>
    <update id="updateByExample" parameterType="map">
        update userlogin
        set userID = #{record.userid,jdbcType=INTEGER},
        userName = #{record.username,jdbcType=VARCHAR},
        password = #{record.password,jdbcType=VARCHAR},
        role = #{record.role,jdbcType=INTEGER}
        <if test="_parameter != null">
            <include refid="Update_By_Example_Where_Clause"/>
        </if>
    </update>
    <update id="updateByPrimaryKeySelective" parameterType="com.system.po.Userlogin">
        update userlogin
        <set>
            <if test="username != null">
                userName = #{username,jdbcType=VARCHAR},
            </if>
            <if test="password != null">
                password = #{password,jdbcType=VARCHAR},
            </if>
            <if test="role != null">
                role = #{role,jdbcType=INTEGER},
            </if>
        </set>
        where userID = #{userid,jdbcType=INTEGER}
    </update>
    <update id="updateByPrimaryKey" parameterType="com.system.po.Userlogin">
        update userlogin
        set userName = #{username,jdbcType=VARCHAR},
        password = #{password,jdbcType=VARCHAR},
        role = #{role,jdbcType=INTEGER}
        where userID = #{userid,jdbcType=INTEGER}
    </update>
</mapper>